model,customer,fashion_mnist,mnist,svhn
O2M distillation,0.73,0.804,,0.4639999999999999
SVD O2M distillation,0.69,0.8,0.9440000000000002,0.5269999999999999
