model,customer,fashion_mnist,mnist,svhn
O2M distillation,0.73,0.8550000000000003,,0.482
SVD O2M distillation,0.72,0.7679999999999998,0.7970000000000002,0.407
