model,customer,fashion_mnist,mnist,svhn
O2M distillation,0.735,0.8370000000000001,,
SVD O2M distillation,0.735,0.7709999999999999,0.9110000000000004,0.482
